id,FirstName,LastName,Username,Email,Avatar,Gender,DoB,Address
3534,Sulema,Von,sulema.von,sulema.von@email.com,https://robohash.org/sintquibusdamvoluptas.png?size=300x300&set=set1,Female,2004-10-27,"{'city': 'Lake Franklyn', 'street_name': 'Welch Mountain', 'street_address': '313 Schiller Burgs', 'zip_code': '38409-9509', 'state': 'New Jersey', 'country': 'United States', 'coordinates': {'lat': -19.106366749444305, 'lng': -95.70945767287164}}"
9229,Thomasina,Crona,thomasina.crona,thomasina.crona@email.com,https://robohash.org/cupiditatenihilsequi.png?size=300x300&set=set1,Bigender,1997-09-30,"{'city': 'Padbergmouth', 'street_name': ""O'Keefe Harbor"", 'street_address': '50180 Edna Gardens', 'zip_code': '16793-0544', 'state': 'Utah', 'country': 'United States', 'coordinates': {'lat': 4.789431050881589, 'lng': -67.13967369111893}}"
3891,Tamica,Anderson,tamica.anderson,tamica.anderson@email.com,https://robohash.org/etsedest.png?size=300x300&set=set1,Agender,1978-06-29,"{'city': 'Schmittmouth', 'street_name': 'Rubin Plains', 'street_address': '65990 Veum Junction', 'zip_code': '82866-0416', 'state': 'Montana', 'country': 'United States', 'coordinates': {'lat': 7.432028053787647, 'lng': -75.47944304917962}}"
1326,Pat,Brakus,pat.brakus,pat.brakus@email.com,https://robohash.org/quasinumquammodi.png?size=300x300&set=set1,Agender,1989-01-26,"{'city': 'Tonyatown', 'street_name': 'Dario Mall', 'street_address': '654 Wisoky Walks', 'zip_code': '65853-5177', 'state': 'Vermont', 'country': 'United States', 'coordinates': {'lat': 19.32199779853977, 'lng': 133.9354389612614}}"
9399,Royal,Walker,royal.walker,royal.walker@email.com,https://robohash.org/inarchitectoaut.png?size=300x300&set=set1,Agender,1986-06-07,"{'city': 'North Craig', 'street_name': 'Herzog Ports', 'street_address': '436 Luke Plaza', 'zip_code': '27947-6544', 'state': 'Connecticut', 'country': 'United States', 'coordinates': {'lat': -54.85740900128287, 'lng': 77.33909920868791}}"
8583,Wyatt,Wuckert,wyatt.wuckert,wyatt.wuckert@email.com,https://robohash.org/voluptatumquirem.png?size=300x300&set=set1,Polygender,1983-12-09,"{'city': 'Gerlachport', 'street_name': 'Hauck Heights', 'street_address': '552 Antonetta Trafficway', 'zip_code': '95444-5636', 'state': 'Michigan', 'country': 'United States', 'coordinates': {'lat': -67.91986742504402, 'lng': -143.5354223976151}}"
186,Augusta,Senger,augusta.senger,augusta.senger@email.com,https://robohash.org/quidoloresvelit.png?size=300x300&set=set1,Male,1972-08-20,"{'city': 'Port Aniballand', 'street_name': 'Frida Spurs', 'street_address': '8702 Crist Squares', 'zip_code': '85329-9576', 'state': 'New Jersey', 'country': 'United States', 'coordinates': {'lat': 14.662717353800815, 'lng': 137.6576180292114}}"
7061,Laverne,Yundt,laverne.yundt,laverne.yundt@email.com,https://robohash.org/omnisuttempora.png?size=300x300&set=set1,Agender,1997-02-04,"{'city': 'Mrazborough', 'street_name': 'Grant Station', 'street_address': '75592 Hirthe View', 'zip_code': '46124', 'state': 'Massachusetts', 'country': 'United States', 'coordinates': {'lat': -85.57174833745485, 'lng': -75.1467332768514}}"
5873,Jarrod,Bernhard,jarrod.bernhard,jarrod.bernhard@email.com,https://robohash.org/numquamculpavitae.png?size=300x300&set=set1,Agender,1971-12-07,"{'city': 'Hongfort', 'street_name': 'Errol Walks', 'street_address': '122 Donnelly Parkways', 'zip_code': '30073', 'state': 'Missouri', 'country': 'United States', 'coordinates': {'lat': 54.9084010922644, 'lng': -136.22103861709257}}"
4694,Domingo,Schultz,domingo.schultz,domingo.schultz@email.com,https://robohash.org/placeatesseomnis.png?size=300x300&set=set1,Female,2003-07-23,"{'city': 'Rileyside', 'street_name': 'Sol Mount', 'street_address': '18583 Ankunding Isle', 'zip_code': '40394-8332', 'state': 'Illinois', 'country': 'United States', 'coordinates': {'lat': 27.15165903279683, 'lng': 26.00853946944656}}"
